PlayerID,UniversalID,NetADT,SignUpDate,LastVisitDate,DaysSinceLastVisit,TotalVisitsMonth,TotalVisitsYear,AvgWager,LifetimeValue,AccountBalance,DepositsMonth,WithdrawalsMonth,OfferSlots,OfferTables,OfferFood,OfferHotel,OfferTotal,CoinInSlots,CoinInTables,CoinInFood,CoinInHotel,CoinInTotal,RiskScore,CreditTier,HouseholdIncome,CanEmail,CanCall,ZipCode,TierRank,PreferredGame
P100000,U75682867,31.43,2023-09-24,2025-09-22,252,2,22,63.92,660.96,79.76,132.86,78.33,120,60,180,400,760,984.68,1035.37,191.65,463.75,2675.45,671,Medium Risk,50k-100k,Yes,Yes,,Bronze,Slots
P100001,U66755036,2.38,2022-08-18,2025-04-12,415,2,18,3.55,53.81,198.89,204.49,158.47,0,150,0,200,350,684.83,506.42,113.91,167.38,1472.54,505,High Risk,<50k,Yes,Yes,73456,Bronze,Roulette
P100002,U66882282,14.7,2022-07-06,2025-03-13,445,1,12,80.22,155.63,284.6,528.51,162.84,0,180,270,200,650,800.28,860.78,224.15,237.6,2122.81,342,High Risk,50k-100k,Yes,No,21049,Bronze,Baccarat
P100003,U31081788,107.5,2020-08-22,2025-12-01,182,2,16,241.94,1928.44,46.39,122.48,99.07,480,720,810,1200,3210,2052.05,2806.78,600.86,450.97,5910.66,544,High Risk,150k-250k,Yes,yes,10786,Bronze,Roulette
P100004,U23315092,12.32,2023-11-03,2025-12-16,167,3,30,73.63,343.4,124.62,57.26,59.01,0,180,135,0,315,955.69,493.79,218.42,413.84,2081.74,586,Medium Risk,50k-100k,Yes,Yes,79904,Silver,Poker
P100005,U45788921,7.04,2021-04-26,2026-03-02,91,2,26,136.82,147.76,455.93,373.45,295.05,120,0,135,200,455,1311.31,754.95,113.71,412.07,2592.04,654,Medium Risk,<50k,Yes,No,40699,Silver,Blackjack
P100006,U36735830,30.25,2024-09-18,2024-12-17,531,4,48,172.48,1371.73,665.27,524.57,524.02,280,150,180,200,810,1389.13,1040.25,246.44,262.97,2938.79,775,Low Risk,50k-100k,Yes,No,57691,Bronze,Blackjack
P100007,U41632483,,2021-06-16,2026-04-23,39,3,36,20.71,9525.87,3202.74,31.82,27.98,800,1500,1305,1800,5405,3082.95,2164.85,518.72,983.44,6749.96,382,High Risk,<50k,Yes,Yes,47040,Gold,Baccarat
P100008,U86737383,12.47,2023-10-27,2026-01-26,126,4,40,19.07,638.92,1352.38,82.28,32.62,200,0,135,200,535,597.88,873.55,107.35,425.4,2004.18,409,High Risk,100k-150k,Yes,Yes,67986,Bronze,Blackjack
P100009,U98358551,50.18,2023-02-22,2025-03-07,451,1,12,75.53,828.42,514.4,45.94,46.95,240,360,405,800,1805,2110.08,1023.56,181.16,754.91,4069.71,489,High Risk,100k-150k,Yes,no,48762,Bronze,Blackjack
P100010,U98409749,64.52,2022-03-26,2025-12-10,173,1,8,42.35,564.01,273.44,128.29,45.31,260,630,540,400,1830,1801.63,1511.99,257.79,563.04,4134.45,550,High Risk,50k-100k,Yes,Yes,33600,Gold,Slots
P100011,U14981505,12.21,2024-07-06,2025-10-24,220,1,8,146.54,84.58,505.54,179.54,130.56,0,180,0,400,580,1363.1,450.34,143.85,170.34,2127.63,590,Medium Risk,50k-100k,No,Yes,29810,Bronze,Baccarat
P100012,U23953367,58.62,2023-01-29,2026-04-04,58,2,20,184.23,1323.38,770.08,414.48,171.47,280,240,495,400,1415,2234.32,1386.8,384.7,311.81,4317.63,500,High Risk,100k-150k,Yes,Yes,95703,Platinum,Baccarat
P100013,U95652971,,2023-10-04,2025-02-10,476,2,26,34.88,575.34,62.97,315.93,97.74,180,0,0,200,380,1547.36,722.02,111.0,384.6,2764.98,625,Medium Risk,50k-100k,Yes,Yes,97347,Bronze,Blackjack
P100014,U14521373,45.02,2025-01-02,2025-03-02,456,5,55,21.63,3235.31,263.74,291.01,185.56,280,90,225,200,795,1284.88,1650.79,308.32,445.86,3689.85,810,Low Risk,100k-150k,Yes,Yes,67204,Silver,Blackjack
P100015,U13344769,45.17,2021-01-16,2025-06-05,361,5,45,121.32,1745.74,915.67,130.33,69.86,80,390,225,400,1095,1988.09,696.51,257.97,264.44,3207.01,708,Medium Risk,50k-100k,No,No,30085,Bronze,Blackjack
P100016,U86893497,34.53,2025-03-21,2026-05-31,1,2,22,25.71,830.27,242.12,552.5,380.56,40,210,405,400,1055,1117.06,1007.25,172.8,475.12,2772.23,807,Low Risk,100k-150k,No,Yes,56854,Bronze,Poker
P100017,U40349564,4.26,2024-07-25,2025-05-10,387,2,24,138.35,91.0,424.17,191.19,145.64,0,0,180,0,180,1263.19,630.97,130.72,134.64,2159.52,371,High Risk,50k-100k,Yes,Yes,84797,Bronze,Roulette
P100018,U52860080,81.16,2020-06-01,2025-06-18,348,3,27,44.1,2179.94,443.09,1160.47,388.75,320,780,585,800,2485,2684.09,2170.08,283.42,912.22,6049.81,546,High Risk,50k-100k,,No,,Silver,Poker
P100019,U87751354,17.41,2023-06-22,2025-11-23,190,2,20,88.1,432.61,101.96,301.65,120.18,0,150,180,400,730,933.0,911.73,186.05,273.76,2304.54,643,Medium Risk,250k+,No,No,49779,Silver,Baccarat
P100020,U72250665,9.29,2025-06-27,2025-01-12,505,1,10,8.03,100.85,224.89,40.49,30.24,0,0,90,0,90,750.17,853.4,136.56,158.0,1898.13,353,High Risk,50k-100k,Yes,No,66207,Gold,Slots
P100021,U76209791,1.87,2021-10-27,2025-11-22,191,2,26,78.22,49.86,203.62,338.27,194.35,100,0,180,200,480,574.61,796.55,82.88,271.54,1725.58,827,Low Risk,50k-100k,Yes,No,43980,Bronze,Roulette
P100022,U56792155,40.22,2023-08-05,2025-01-09,508,5,45,48.08,1876.3,13.27,117.96,104.2,320,360,270,400,1350,1877.76,1605.85,145.37,423.3,4052.28,831,Low Risk,<50k,Yes,Yes,66117,Bronze,Slots
P100023,U31498555,50.93,2021-04-21,2025-05-28,369,5,40,70.67,2191.35,12.24,347.82,285.85,220,180,270,600,1270,1278.26,1085.63,279.24,786.36,3429.49,492,High Risk,50k-100k,Yes,No,24141,Bronze,Baccarat
P100024,U70221198,0.75,2020-08-20,2025-04-18,409,3,27,14.72,25.74,890.99,21.66,21.15,120,0,0,0,120,887.24,630.63,170.4,253.75,1942.02,357,High Risk,50k-100k,No,Yes,19344,Silver,Baccarat
P100025,U89757501,32.29,2024-01-14,2026-02-04,117,4,48,106.81,2069.53,159.46,57.67,49.25,100,360,315,200,975,1084.84,1425.98,179.61,329.97,3020.4,736,Low Risk,<50k,No,No,25896,Gold,Slots
P100026,U26861870,11.56,2021-04-10,2026-01-18,134,1,8,158.9,126.99,364.99,580.84,374.03,40,60,180,0,280,1183.67,1137.95,188.4,369.61,2879.63,410,High Risk,<50k,No,Yes,99353,Bronze,Slots
P100027,U62286002,46.63,2024-11-19,2026-04-04,58,3,30,19.54,1779.6,177.43,77.31,64.81,140,360,225,200,925,2229.53,1766.99,294.68,392.43,4683.63,428,High Risk,50k-100k,Yes,No,39813,Silver,Slots
P100028,U42049003,8.62,2021-08-18,2025-12-10,173,4,36,8.05,306.98,1412.4,544.28,283.19,80,30,0,0,110,1229.37,628.72,206.56,405.24,2469.89,625,Medium Risk,100k-150k,No,No,94431,Bronze,Baccarat
P100029,U71136438,52.84,2020-07-30,2026-01-03,149,3,33,1.91,2114.92,150.08,98.25,53.55,400,180,450,600,1630,2288.94,946.5,359.71,476.39,4071.54,307,High Risk,50k-100k,Yes,Yes,75679,Silver,Blackjack
P100030,U72194931,22.0,2023-04-22,2026-03-13,80,3,39,82.17,911.68,280.76,308.91,287.65,140,0,0,400,540,839.14,905.42,195.22,384.31,2324.09,328,High Risk,<50k,Yes,No,20681,Gold,Slots
P100031,U75285250,124.22,2024-01-13,2025-10-31,213,3,33,74.73,3905.78,1030.72,355.4,233.55,560,870,855,1400,3685,1878.74,2973.47,554.17,527.4,5933.78,411,High Risk,100k-150k,No,No,82903,Bronze,Roulette
P100032,U79537252,6.66,2021-12-14,2025-11-10,203,3,39,63.3,338.84,922.37,215.63,202.41,80,0,225,200,505,1107.95,687.93,193.84,256.75,2246.47,430,High Risk,<50k,,No,13228,Bronze,Baccarat
P100033,U69248434,18.77,2021-06-11,2025-10-15,229,5,60,21.11,926.93,102.96,109.29,104.69,0,0,90,0,90,1005.4,853.77,156.22,462.79,2478.18,487,High Risk,50k-100k,Yes,Yes,14582,Platinum,Poker
P100034,U71306900,5.42,2022-05-22,2025-10-17,227,3,33,39.66,239.86,811.37,71.72,70.72,140,180,0,0,320,839.27,903.48,111.64,352.59,2206.98,774,Low Risk,<50k,Yes,No,88683,Gold,Poker
P100035,U65831368,,2020-11-01,2024-12-16,532,5,45,72.21,5639.76,306.42,10.13,10.47,560,1050,810,1000,3420,1615.62,1965.12,233.06,660.96,4474.76,663,Medium Risk,<50k,No,Yes,21397,Silver,Roulette
P100036,U20959014,94.43,2021-07-17,2025-03-17,441,2,18,54.94,2009.64,329.83,108.7,70.09,440,810,720,800,2770,1988.64,2670.05,520.96,570.28,5749.93,503,High Risk,<50k,Yes,Yes,48799,Silver,Blackjack
P100037,U66972561,13.42,2021-12-24,2025-04-25,402,2,22,352.41,352.99,71.64,317.67,176.34,80,240,90,200,610,562.8,717.22,205.8,416.76,1902.58,511,High Risk,50k-100k,Yes,Yes,47011,Bronze,Slots
P100038,U58900483,48.54,2022-08-30,2026-04-15,47,5,45,11.74,2920.56,42.02,835.66,639.91,280,240,495,400,1415,2389.3,1076.12,157.07,743.41,4365.9,575,High Risk,<50k,,Yes,89183,Silver,Baccarat
P100039,U30193880,76.48,2020-10-25,2025-10-11,233,3,36,95.03,3254.38,650.87,614.86,367.03,240,750,315,600,1905,1688.74,1625.35,366.94,405.74,4086.77,372,High Risk,50k-100k,No,No,54264,Gold,Slots
P100040,U13385357,36.46,2023-01-02,2025-07-31,305,3,24,41.44,1022.36,343.05,435.81,340.31,220,120,225,200,765,1585.21,1419.54,216.79,427.31,3648.85,542,High Risk,50k-100k,No,Yes,52317,Silver,Baccarat
P100041,U54738553,33.94,2021-08-07,2024-12-22,526,3,36,44.72,1026.33,287.11,465.98,402.83,80,450,315,600,1445,781.85,681.07,134.63,364.45,1962.0,401,High Risk,50k-100k,Yes,No,57914,Bronze,Poker
P100042,U78574553,12.46,2025-02-22,2026-01-09,143,6,78,101.15,1079.8,653.76,328.07,279.1,120,300,225,200,845,1208.9,541.14,230.09,426.03,2406.16,470,High Risk,50k-100k,Yes,Yes,94633,Bronze,Slots
P100043,U26845364,4.4,2024-11-02,2025-04-12,415,6,72,94.33,281.98,725.18,90.45,54.24,120,120,0,0,240,724.66,958.48,94.39,154.14,1931.67,487,High Risk,100k-150k,Yes,yes,55254,Bronze,Roulette
P100044,U62157313,102.38,2025-11-22,2025-01-04,513,3,39,379.15,4960.92,86.53,713.18,309.16,580,960,765,1200,3505,3874.38,1404.11,235.82,591.27,6105.58,740,Low Risk,<50k,No,Yes,50096,Bronze,Blackjack
P100045,U21392366,103.8,2021-06-17,2025-05-24,373,5,45,10.99,5172.35,471.09,333.27,214.77,520,780,675,1200,3175,3885.26,2241.38,459.66,1051.67,7637.97,385,High Risk,50k-100k,Yes,Yes,63785,Bronze,Roulette
P100046,U79778859,45.12,2022-04-18,2025-09-15,259,2,16,8.79,872.18,72.72,246.59,102.11,220,210,225,400,1055,1375.26,1348.92,309.67,275.6,3309.45,775,Low Risk,<50k,No,Yes,62344,Bronze,Blackjack
P100047,U98883975,18.63,2020-08-30,2025-02-15,471,4,36,103.09,553.31,695.9,35.29,35.72,0,90,0,0,90,1618.29,857.36,92.26,343.95,2911.86,351,High Risk,<50k,Yes,Yes,92643,Bronze,Slots
P100048,U23479854,19.33,2022-06-06,2026-05-20,12,3,30,69.09,493.42,534.95,177.75,102.51,180,180,270,200,830,1748.47,1003.34,203.12,330.29,3285.22,410,High Risk,50k-100k,No,No,78546,Bronze,Slots
P100049,U83506850,58.25,2024-07-23,2025-07-06,330,2,18,25.63,1289.44,1568.82,185.05,78.38,220,240,225,800,1485,2544.54,1050.84,297.27,480.57,4373.22,342,High Risk,50k-100k,No,Yes,81091,Silver,Blackjack
P100050,U23187277,102.33,2023-11-11,2025-06-08,358,4,52,6.62,4487.07,35.73,599.78,192.14,500,780,585,1200,3065,3726.06,2187.35,250.71,743.54,6907.66,510,High Risk,150k-250k,Yes,Yes,75603,Bronze,Poker
P100051,U78979792,98.15,2025-10-30,2025-04-19,408,1,9,7.16,744.45,29.37,237.33,193.82,400,930,540,800,2670,2014.75,1759.54,271.35,831.13,4876.77,499,High Risk,50k-100k,No,Yes,38412,Bronze,Baccarat
P100052,U47709731,68.11,2023-12-08,2025-05-24,373,3,27,179.69,1484.54,165.77,143.6,116.25,220,360,585,600,1765,2271.96,1838.43,338.03,418.67,4867.09,325,High Risk,250k+,Yes,No,61658,Bronze,Roulette
P100053,U36939239,46.23,2023-08-08,2026-05-24,8,1,8,17.04,508.12,151.71,1129.09,646.39,260,450,360,400,1470,957.42,811.7,201.62,542.8,2513.54,598,Medium Risk,<50k,Yes,No,59549,Bronze,Roulette
P100054,U33027075,3.96,2025-09-05,2026-01-30,122,3,27,31.25,132.85,141.83,35.2,12.58,0,210,135,0,345,518.76,700.35,188.13,341.5,1748.74,376,High Risk,<50k,Yes,yes,21549,Silver,Roulette
P100055,U91200125,7.93,2023-10-20,2025-06-18,348,3,24,20.56,192.59,1183.59,164.74,103.41,120,270,0,0,390,1421.87,487.54,187.65,358.62,2455.68,436,High Risk,<50k,No,Yes,81216,Bronze,Slots
P100056,U96191493,102.97,2024-04-08,2026-03-03,90,1,11,35.08,1107.66,143.54,12.88,7.07,440,960,675,1200,3275,2300.47,1625.18,619.3,545.93,5090.88,319,High Risk,<50k,Yes,Yes,35739,Silver,Roulette
P100057,U97796277,41.96,2020-08-06,2025-07-20,316,2,20,5.76,847.44,158.69,404.01,340.05,60,300,270,600,1230,2003.84,865.36,182.94,312.69,3364.83,739,Low Risk,50k-100k,Yes,No,31209,Gold,Baccarat
P100058,U76401385,0.42,2023-04-09,2025-12-05,178,4,32,58.56,17.0,712.31,750.59,588.93,0,210,135,200,545,1050.12,411.58,177.18,185.21,1824.09,510,High Risk,50k-100k,Yes,Yes,97968,Silver,Baccarat
P100059,U32335235,4.81,2021-06-22,2026-04-21,41,2,26,5.6,149.67,298.68,98.57,58.32,0,150,180,200,530,1206.46,883.32,124.1,229.49,2443.37,734,Low Risk,<50k,Yes,Yes,,Silver,Blackjack
P100060,U10271836,,2023-02-16,2025-01-15,502,5,55,128.9,2455.96,749.64,586.3,278.09,160,210,135,600,1105,2608.08,1026.22,221.39,474.61,4330.3,506,High Risk,150k-250k,Yes,Yes,30045,Gold,Slots
P100061,U13584702,0.23,2024-10-12,2026-01-07,145,0,0,21.3,0.0,33.8,103.69,113.07,60,0,90,0,150,593.2,856.27,66.04,283.13,1798.64,738,Low Risk,100k-150k,Yes,Yes,36327,Silver,Baccarat
P100062,U62631083,7.89,2025-08-11,2025-11-12,201,3,24,62.12,162.67,334.3,724.96,480.79,0,150,0,200,350,512.17,1044.94,78.59,158.29,1793.99,341,High Risk,<50k,No,Yes,45709,Bronze,Poker
P100063,U18585377,35.81,2024-03-27,2025-02-25,461,2,20,169.67,856.71,17.1,420.68,357.84,280,150,225,200,855,1354.67,1194.49,265.83,238.47,3053.46,710,Medium Risk,<50k,Yes,No,53617,Bronze,Slots
P100064,U96544585,52.98,2020-08-25,2025-09-21,253,0,0,84.19,0.0,32.35,490.28,202.21,100,450,270,600,1420,1145.55,876.78,261.24,486.47,2770.04,822,Low Risk,<50k,Yes,Yes,70139,Gold,Slots
P100065,U95157821,47.49,2022-08-02,2025-05-07,390,2,24,60.91,1093.06,1184.56,5.45,3.75,160,420,225,200,1005,894.46,1123.01,186.59,614.91,2818.97,726,Low Risk,<50k,Yes,No,36905,Bronze,Baccarat
P100066,U97655395,11.43,2023-08-31,2025-09-18,256,2,24,31.36,222.9,74.97,987.52,318.01,120,0,0,200,320,874.33,989.03,169.8,211.39,2244.55,574,High Risk,<50k,Yes,Yes,74148,Bronze,Poker
P100067,U27824013,56.04,2021-10-01,2025-03-08,450,4,32,32.4,1523.04,380.09,389.12,274.08,220,420,405,400,1445,2409.77,1221.17,211.98,642.83,4485.75,747,Low Risk,50k-100k,No,Yes,82603,Silver,Blackjack
P100068,U46601694,12.19,2021-05-29,2026-05-22,10,2,18,88.57,302.96,264.75,109.05,116.82,0,210,0,0,210,1099.05,453.84,166.63,234.98,1954.5,668,Medium Risk,<50k,No,No,52919,Gold,Baccarat
P100069,U77105583,17.71,2021-10-09,2025-10-02,242,1,13,411.16,225.0,213.35,530.52,322.22,40,120,180,0,340,924.43,901.47,146.59,472.95,2445.44,519,High Risk,50k-100k,Yes,Yes,93521,Bronze,Poker
P100070,U70304654,61.76,2022-12-01,2025-09-23,251,1,11,86.74,857.04,1150.46,99.19,32.85,220,240,360,200,1020,2294.31,2005.12,394.59,832.2,5526.22,531,High Risk,250k+,No,No,93400,Silver,Slots
P100071,U44119117,47.19,2024-10-17,2026-05-27,5,0,0,65.28,0.0,11.03,618.49,200.86,320,120,135,600,1175,1249.08,1658.47,338.03,408.13,3653.71,627,Medium Risk,100k-150k,No,No,98150,Bronze,Poker
P100072,U46433622,85.14,2022-02-03,2026-02-02,119,2,18,104.94,1577.21,545.01,35.83,21.87,360,540,630,1000,2530,1254.47,1234.86,357.53,534.09,3380.95,742,Low Risk,150k-250k,No,Yes,68446,Silver,Slots
P100073,U99482491,48.23,2021-12-21,2025-05-23,374,4,52,50.07,2315.88,1653.78,364.9,156.18,320,540,225,400,1485,2182.8,1518.51,220.33,471.99,4393.63,351,High Risk,<50k,Yes,No,62428,Bronze,Baccarat
P100074,U70031992,37.8,2023-12-06,2026-03-28,65,3,24,4.96,791.83,410.68,233.41,74.38,300,150,225,200,875,1713.84,824.14,197.33,338.82,3074.13,675,Medium Risk,50k-100k,No,Yes,57894,Bronze,Baccarat
P100075,U65105831,4.43,2022-05-13,2026-01-06,146,5,40,66.1,207.15,1380.9,30.46,27.57,0,90,90,0,180,1112.17,474.59,172.56,309.88,2069.2,562,High Risk,50k-100k,Yes,No,91149,Gold,Roulette
P100076,U13366612,20.63,2023-02-17,2025-10-20,224,5,40,252.9,1043.7,26.84,83.08,55.4,220,30,45,0,295,643.35,1230.2,148.29,474.89,2496.73,566,High Risk,<50k,Yes,Yes,16447,Bronze,Roulette
P100077,U68743503,13.87,2023-11-04,2025-10-05,239,3,24,15.42,394.91,271.32,3.74,1.99,20,30,0,0,50,1421.7,597.82,113.09,374.19,2506.8,658,Medium Risk,<50k,Yes,No,15499,Silver,Roulette
P100078,U46258670,12.59,2024-01-28,2025-12-06,177,4,48,93.7,675.74,150.66,189.77,193.58,200,240,45,400,885,1162.69,594.5,91.08,412.62,2260.89,616,Medium Risk,100k-150k,Yes,Yes,49041,Bronze,Baccarat
P100079,U79739572,162.55,2022-01-16,2025-08-23,282,1,8,17.94,1073.05,656.19,107.55,42.26,660,1290,1215,1400,4565,4182.16,1476.74,570.28,1058.32,7287.5,623,Medium Risk,50k-100k,Yes,No,41315,Bronze,Blackjack
P100080,U65848857,22.47,2020-09-28,2026-03-30,63,3,36,61.4,1117.19,1989.54,273.66,291.38,160,0,180,200,540,1382.42,1263.66,181.09,242.03,3069.2,720,Low Risk,50k-100k,,No,11299,Silver,Baccarat
P100081,U67055419,100.17,2024-09-03,2025-10-27,217,4,48,8.13,6150.74,148.21,105.82,58.33,480,690,675,800,2645,3723.37,2645.5,548.88,1013.47,7931.22,345,High Risk,50k-100k,Yes,No,14994,Bronze,Poker
P100082,U59160571,44.88,2023-05-29,2025-02-25,461,4,32,47.88,1401.25,530.91,106.97,108.12,180,120,315,200,815,1806.23,1405.01,179.78,428.97,3819.99,568,High Risk,50k-100k,No,No,91163,Bronze,Baccarat
P100083,U78394024,71.27,2025-05-26,2026-02-16,105,3,30,112.9,2967.64,110.38,407.83,319.07,380,510,315,600,1805,2346.85,2035.84,286.91,762.88,5432.48,680,Medium Risk,<50k,No,No,17489,Bronze,Baccarat
P100084,U74525468,31.43,2023-11-26,2026-02-22,99,2,22,34.16,802.87,416.58,14.8,14.23,220,300,180,400,1100,2090.19,685.71,275.19,324.17,3375.26,417,High Risk,<50k,Yes,No,42355,Silver,Slots
P100085,U99966606,38.71,2021-03-27,2025-01-06,511,2,18,87.47,800.92,311.75,699.59,760.6,40,120,360,200,720,1938.73,1108.79,306.29,269.0,3622.81,415,High Risk,<50k,No,Yes,83805,Gold,Slots
P100086,U48727468,30.52,2022-11-07,2025-05-12,385,3,36,126.96,1372.13,1787.87,573.7,304.48,40,120,45,0,205,1304.71,883.95,183.73,619.99,2992.38,559,High Risk,<50k,No,Yes,78367,Platinum,Slots
P100087,U61757120,9.77,2021-08-15,2025-04-22,405,3,39,209.58,490.41,468.92,330.61,353.39,100,30,0,0,130,1188.23,438.26,141.58,193.74,1961.81,374,High Risk,250k+,No,yes,87355,Bronze,Baccarat
P100088,U77157848,57.68,2023-04-01,2024-12-30,518,4,52,21.39,3580.9,215.01,269.85,165.04,320,600,270,400,1590,1697.37,1411.75,230.0,852.33,4191.45,779,Low Risk,50k-100k,Yes,Yes,97173,Bronze,Blackjack
P100089,U87897542,14.83,2023-03-01,2025-02-10,476,0,0,40.77,0.0,60.57,668.53,406.74,220,330,45,0,595,788.49,1152.7,232.46,479.43,2653.08,604,Medium Risk,100k-150k,Yes,yes,11996,Bronze,Poker
P100090,U83665032,1.11,2025-08-30,2025-03-21,437,2,26,13.23,28.95,81.99,61.49,35.19,80,0,180,200,460,896.11,330.91,75.81,317.11,1619.94,306,High Risk,<50k,No,No,54387,Gold,Poker
P100091,U95390464,46.66,2021-04-21,2026-05-09,23,4,40,391.25,2532.43,127.65,24.68,18.09,360,450,135,600,1545,2422.36,1006.81,364.77,589.95,4383.89,665,Medium Risk,50k-100k,Yes,Yes,13089,Bronze,Blackjack
P100092,U58170987,8.77,2024-02-10,2025-02-28,458,2,26,209.38,213.15,144.49,82.14,34.77,100,0,45,200,345,1378.87,511.99,171.33,311.97,2374.16,822,Low Risk,<50k,Yes,No,30659,Platinum,Blackjack
P100093,U62562567,,2022-08-08,2026-03-10,83,4,36,62.11,4676.69,950.62,474.81,352.77,560,870,675,1200,3305,2732.61,1796.88,502.23,1330.2,6361.92,647,Medium Risk,<50k,Yes,Yes,55178,Bronze,Poker
P100094,U33717335,138.49,2021-02-08,2026-01-07,145,3,27,147.63,3960.76,411.88,10.59,7.77,540,1110,1035,1200,3885,3564.47,3663.83,277.13,821.44,8326.87,737,Low Risk,<50k,Yes,Yes,91268,Platinum,Roulette
P100095,U70472382,110.86,2025-10-28,2026-03-08,85,2,24,58.88,2829.97,370.53,262.26,238.53,620,990,540,1000,3150,2088.79,2131.11,429.54,852.1,5501.54,514,High Risk,100k-150k,Yes,No,95042,Gold,Slots
P100096,U22719242,20.8,2020-12-26,2026-03-15,78,3,24,78.17,582.95,60.95,1616.97,1563.48,140,360,90,400,990,1790.28,867.5,162.99,401.98,3222.75,728,Low Risk,100k-150k,Yes,No,80726,Gold,Slots
P100097,U58715250,0.7,2022-02-10,2025-03-01,457,7,70,7.47,66.93,983.56,580.75,378.85,0,30,90,200,320,1198.33,764.92,80.25,221.17,2264.67,797,Low Risk,50k-100k,Yes,No,80111,Bronze,Poker
P100098,U93139152,118.6,2021-03-21,2026-05-31,1,3,36,112.61,4032.28,641.53,221.1,119.81,520,780,810,1000,3110,3545.76,1514.13,535.06,858.27,6453.22,839,Low Risk,50k-100k,No,No,44565,Bronze,Blackjack
P100099,U54054178,,2021-09-07,2026-04-11,51,5,50,10.93,1097.67,35.03,19.73,10.01,260,300,135,200,895,1670.91,948.49,282.67,319.07,3221.14,666,Medium Risk,150k-250k,No,Yes,99242,Bronze,Roulette
P100100,U48334882,153.04,2025-02-28,2025-03-12,446,8,64,139.93,8996.13,615.22,534.02,243.35,740,990,900,1400,4030,4555.76,2615.09,597.37,1197.03,8965.25,612,Medium Risk,<50k,Yes,No,32884,Bronze,Poker
P100101,U62441466,,2025-05-01,2025-03-09,449,1,13,121.87,2582.46,392.13,274.12,94.88,700,1110,900,1600,4310,4015.86,3022.23,669.38,1488.45,9195.92,837,Low Risk,<50k,No,Yes,27199,Bronze,Slots
P100102,U59583876,86.28,2023-07-21,2025-01-29,488,2,26,98.68,2663.86,42.63,36.63,21.02,400,570,450,1000,2420,1361.68,2767.58,209.83,517.9,4856.99,353,High Risk,<50k,Yes,Yes,70038,Silver,Baccarat
P100103,U96117865,15.69,2023-07-15,2026-04-28,34,2,16,2.95,243.9,306.52,29.57,15.26,0,180,0,200,380,1048.7,1045.76,151.19,472.67,2718.32,840,Low Risk,100k-150k,Yes,Yes,67786,Bronze,Blackjack
P100104,U73203558,,2020-12-08,2025-06-18,348,1,12,28.89,338.59,331.5,721.14,773.88,60,30,135,0,225,1430.72,820.1,112.6,434.44,2797.86,766,Low Risk,250k+,No,Yes,59294,Silver,Baccarat
P100105,U47407771,85.71,2022-05-17,2026-02-26,95,3,24,24.43,2708.76,90.63,331.87,247.63,380,480,450,800,2110,2884.71,2439.17,408.92,972.52,6705.32,463,High Risk,<50k,No,Yes,88015,Silver,Poker
P100106,U93122310,17.15,2020-09-16,2026-03-21,72,4,44,35.72,986.95,1456.6,530.33,306.44,0,300,45,0,345,983.63,566.7,243.08,356.96,2150.37,633,Medium Risk,150k-250k,No,No,44178,Bronze,Slots
P100107,U37009224,8.36,2025-10-03,2025-12-29,154,1,9,7.34,101.68,948.48,633.54,484.26,120,0,135,0,255,1379.57,380.71,166.76,367.32,2294.36,846,Low Risk,100k-150k,Yes,No,22665,Platinum,Roulette
P100108,U61327755,36.62,2024-04-17,2025-09-24,250,7,84,221.12,2926.41,552.85,254.43,104.66,160,270,405,200,1035,1002.6,793.74,129.98,232.65,2158.97,647,Medium Risk,<50k,No,Yes,10534,Bronze,Baccarat
P100109,U89018913,123.81,2020-09-17,2025-03-20,438,6,60,64.56,9308.22,310.22,218.6,143.23,700,780,810,1400,3690,3186.28,2007.62,408.33,1259.77,6862.0,572,High Risk,50k-100k,Yes,Yes,46132,Bronze,Roulette
P100110,U17130144,53.59,2023-12-06,2026-02-03,118,2,22,29.17,1268.96,265.31,168.86,135.25,360,180,180,400,1120,2179.16,1386.92,288.39,296.51,4150.98,713,Medium Risk,50k-100k,No,Yes,46110,Bronze,Slots
P100111,U14545583,,2022-03-09,2025-07-30,306,2,24,40.46,1190.03,526.3,114.35,79.03,100,60,90,200,450,1830.16,1278.59,207.12,637.46,3953.33,799,Low Risk,250k+,No,Yes,,Gold,Baccarat
P100112,U64079037,4.6,2024-11-02,2025-09-06,268,1,8,47.42,45.53,394.2,171.06,106.3,60,0,225,200,485,1015.79,935.59,176.91,395.82,2524.11,392,High Risk,<50k,Yes,No,73580,Bronze,Roulette
P100113,U64474455,42.95,2024-01-05,2026-04-08,54,0,0,73.42,0.0,32.15,446.01,488.42,200,480,180,200,1060,1259.46,1230.39,320.35,386.99,3197.19,378,High Risk,100k-150k,Yes,Yes,32469,Bronze,Roulette
P100114,U51542436,207.48,2023-01-26,2025-10-08,236,4,32,58.0,7925.38,359.24,276.33,277.5,1000,1410,1125,2000,5535,3149.79,3604.59,800.52,1022.86,8577.76,516,High Risk,<50k,No,No,74016,Silver,Baccarat
P100115,U56626914,6.79,2025-06-10,2025-05-08,389,3,24,201.45,147.72,820.99,669.14,534.46,0,240,90,0,330,1052.57,382.4,121.4,351.75,1908.12,657,Medium Risk,100k-150k,Yes,Yes,56233,Bronze,Slots
P100116,U63933927,32.87,2021-06-12,2025-04-26,401,4,40,54.97,1481.8,307.39,175.76,132.79,220,270,270,0,760,1571.96,573.68,162.02,323.04,2630.7,806,Low Risk,50k-100k,Yes,No,76708,Silver,Roulette
P100117,U62453338,94.44,2024-11-03,2025-08-02,303,5,55,387.86,7224.1,26.68,280.25,223.23,480,660,630,1000,2770,1778.75,2064.18,237.95,1072.63,5153.51,480,High Risk,50k-100k,No,Yes,68232,Gold,Poker
P100118,U24881728,60.75,2024-09-15,2025-11-06,207,1,13,152.53,1075.98,771.54,299.34,138.01,240,480,270,400,1390,2371.78,1384.79,252.37,355.93,4364.87,545,High Risk,100k-150k,Yes,No,96437,Platinum,Baccarat
P100119,U44045666,53.73,2022-06-26,2025-10-15,229,1,9,18.71,399.38,112.42,268.72,165.56,140,390,135,600,1265,1750.42,1840.61,251.02,344.13,4186.18,543,High Risk,100k-150k,No,Yes,44409,Bronze,Blackjack
P100120,U22722094,54.55,2020-08-13,2026-03-18,75,2,20,213.42,980.69,149.62,363.84,120.64,300,510,540,600,1950,2158.48,915.9,326.01,820.22,4220.61,805,Low Risk,150k-250k,Yes,No,,Bronze,Blackjack
P100121,U32178434,20.05,2025-09-19,2025-03-23,435,6,60,9.9,1057.48,89.99,81.32,55.33,160,60,45,200,465,1581.48,465.6,205.43,416.43,2668.94,721,Low Risk,<50k,Yes,yes,18738,Bronze,Slots
P100122,U56321408,15.64,2025-03-14,2026-02-18,103,3,39,136.06,753.66,200.4,215.46,158.24,20,60,180,200,460,734.97,781.12,93.85,443.43,2053.37,619,Medium Risk,100k-150k,No,Yes,34054,Bronze,Poker
P100123,U22796932,74.58,2024-09-05,2025-04-05,422,3,39,38.32,3754.07,706.84,33.02,15.92,400,720,540,600,2260,1160.28,1236.19,300.13,552.71,3249.31,386,High Risk,<50k,Yes,No,39709,Bronze,Roulette
P100124,U84023414,74.76,2020-12-10,2025-07-30,306,2,18,168.28,1248.93,366.35,145.6,155.97,320,750,495,400,1965,2863.21,922.72,228.92,790.05,4804.9,516,High Risk,50k-100k,Yes,No,95643,Bronze,Blackjack
P100125,U36063245,90.81,2023-12-17,2026-02-23,98,6,54,162.03,5411.33,114.63,200.63,206.16,500,840,495,1000,2835,2827.76,2340.42,251.06,836.51,6255.75,789,Low Risk,50k-100k,No,no,10363,Platinum,Slots
P100126,U49443226,110.01,2023-11-30,2025-07-01,335,1,13,131.16,1865.49,1051.17,316.86,278.11,440,750,585,1000,2775,3501.5,1338.84,581.12,965.96,6387.42,818,Low Risk,50k-100k,Yes,No,20358,Gold,Poker
P100127,U83619289,32.22,2022-01-26,2025-03-23,435,3,24,124.86,958.62,1058.39,901.92,655.43,280,360,225,600,1465,1896.73,1178.21,115.22,502.84,3693.0,577,High Risk,50k-100k,Yes,No,13240,Bronze,Poker
P100128,U17887739,31.33,2021-07-30,2025-03-11,447,1,10,29.07,352.57,1022.34,275.38,274.27,80,210,360,400,1050,1824.25,820.24,193.06,451.73,3289.28,468,High Risk,250k+,Yes,Yes,82201,Bronze,Slots
P100129,U70736972,72.04,2023-08-06,2025-07-28,308,2,24,6.75,1995.58,136.43,408.3,165.17,300,510,630,800,2240,3193.51,1104.18,219.1,609.27,5126.06,629,Medium Risk,<50k,No,Yes,55689,Bronze,Slots
P100130,U71071026,47.24,2021-09-26,2025-09-25,249,4,36,41.26,1879.23,300.05,211.73,197.42,100,210,135,400,845,1768.66,1126.51,353.24,397.42,3645.83,740,Low Risk,100k-150k,No,Yes,11936,Bronze,Roulette
P100131,U10769598,54.47,2022-02-12,2025-12-17,166,5,45,15.25,2398.52,2099.51,301.62,120.6,140,420,225,400,1185,1825.6,1802.68,292.83,702.86,4623.97,690,Medium Risk,50k-100k,,No,53965,Silver,Slots
P100132,U99178975,71.49,2025-07-13,2025-02-05,481,8,104,94.98,8468.52,739.23,22.07,20.64,340,360,630,800,2130,1961.91,1455.46,238.65,473.97,4129.99,795,Low Risk,<50k,Yes,Yes,87534,Silver,Roulette
P100133,U59007334,99.33,2023-07-03,2025-07-01,335,2,22,33.98,2651.44,13.77,88.07,45.85,400,630,720,1000,2750,1773.25,2544.69,407.89,970.34,5696.17,680,Medium Risk,<50k,No,Yes,10882,Gold,Roulette
P100134,U38433648,18.56,2022-12-07,2026-02-15,106,2,24,297.09,589.76,33.71,134.76,134.99,180,300,270,0,750,1237.55,541.25,213.13,253.83,2245.76,605,Medium Risk,150k-250k,Yes,No,30224,Silver,Baccarat
P100135,U17971379,21.19,2022-11-07,2026-03-12,81,4,48,81.95,1202.01,311.75,191.88,202.48,0,30,0,400,430,935.94,1149.82,263.45,406.65,2755.86,812,Low Risk,150k-250k,Yes,No,40825,Silver,Poker
P100136,U13331068,4.44,2024-11-03,2026-01-19,133,0,0,138.29,0.0,1199.66,14.02,5.87,0,0,45,200,245,1252.53,487.07,95.23,329.7,2164.53,487,High Risk,150k-250k,Yes,Yes,80740,Silver,Poker
P100137,U46810847,38.85,2023-01-20,2026-01-14,138,4,32,11.37,1113.96,386.86,45.26,30.33,140,90,315,400,945,1673.94,1364.64,321.33,333.21,3693.12,815,Low Risk,250k+,No,Yes,38885,Bronze,Poker
P100138,U44428803,1.65,2023-05-01,2025-11-29,184,3,33,158.45,58.64,344.39,97.23,105.47,0,210,90,0,300,904.22,661.38,178.01,138.99,1882.6,726,Low Risk,<50k,No,Yes,50056,Silver,Baccarat
P100139,U15654237,28.2,2023-06-27,2025-04-26,401,6,72,204.86,1635.69,55.73,1067.7,733.22,20,210,135,200,565,1145.45,1436.11,284.66,253.62,3119.84,801,Low Risk,50k-100k,Yes,Yes,13203,Bronze,Roulette
P100140,U71553124,35.2,2021-11-02,2025-07-06,330,2,18,53.41,600.66,534.69,120.75,119.64,140,210,45,600,995,814.15,981.56,251.2,489.38,2536.29,559,High Risk,100k-150k,Yes,Yes,70241,Bronze,Roulette
P100141,U55816038,15.19,2021-10-18,2025-01-09,508,2,24,74.56,450.55,863.28,197.36,152.16,80,240,135,400,855,578.93,462.3,184.51,440.76,1666.5,812,Low Risk,50k-100k,No,No,12244,Bronze,Slots
P100142,U27750764,40.21,2021-07-29,2026-03-24,69,3,33,115.79,1851.18,239.36,65.48,39.31,160,450,135,200,945,1451.14,611.94,212.93,256.96,2532.97,370,High Risk,50k-100k,Yes,No,78619,Bronze,Baccarat
P100143,U46898446,1.39,2022-09-16,2026-04-09,53,6,66,15.37,78.85,747.19,283.08,149.64,20,0,0,0,20,480.74,818.39,154.49,304.49,1758.11,777,Low Risk,50k-100k,No,No,31584,Gold,Slots
P100144,U33841962,1.71,2022-09-23,2025-03-08,450,0,0,55.86,0.0,1668.78,98.84,45.72,40,90,180,200,510,917.09,636.79,128.17,209.13,1891.18,477,High Risk,50k-100k,,Yes,18521,Bronze,Baccarat
P100145,U76834972,77.82,2024-05-14,2025-11-08,205,4,52,40.69,5179.87,113.93,69.58,63.28,220,690,450,600,1960,3172.81,2197.42,405.78,674.46,6450.47,756,Low Risk,50k-100k,Yes,No,60017,Bronze,Slots
P100146,U53156515,20.1,2023-01-06,2026-01-26,126,4,52,12.66,964.11,370.47,218.06,132.85,80,210,270,200,760,1636.68,651.89,164.82,507.32,2960.71,488,High Risk,<50k,,Yes,43541,Bronze,Blackjack
P100147,U32993420,6.12,2025-08-17,2026-04-19,43,3,27,36.65,187.23,169.23,1.66,1.18,160,0,0,400,560,1059.0,579.1,168.78,228.05,2034.93,590,Medium Risk,50k-100k,Yes,yes,39063,Silver,Poker
P100148,U72190751,33.24,2021-03-23,2026-02-10,111,4,44,5.65,1813.34,787.17,2.31,1.6,160,420,270,0,850,1022.11,571.36,285.51,416.19,2295.17,819,Low Risk,50k-100k,No,No,80268,Bronze,Poker
P100149,U31970758,66.13,2023-01-03,2025-11-30,183,4,40,2.09,3093.8,430.89,74.18,56.51,380,480,585,800,2245,2823.98,2271.04,200.9,319.29,5615.21,591,Medium Risk,50k-100k,Yes,Yes,74952,Platinum,Roulette
P100150,U46513466,10.94,2022-08-12,2026-02-26,95,4,40,11.62,399.45,503.36,11.22,11.14,0,0,0,0,0,1395.39,881.78,201.28,175.65,2654.1,582,Medium Risk,<50k,No,Yes,49563,Gold,Blackjack
P100151,U41288562,43.88,2023-05-14,2025-05-23,374,1,12,264.0,533.53,799.53,34.3,37.2,300,270,90,400,1060,1144.23,1765.49,256.3,373.79,3539.81,843,Low Risk,100k-150k,Yes,No,49752,Silver,Poker
P100152,U31351509,4.01,2024-11-01,2024-12-28,520,5,60,63.8,305.63,252.07,124.14,77.72,100,0,0,200,300,1080.22,501.18,176.07,138.24,1895.71,676,Medium Risk,<50k,Yes,Yes,12567,Silver,Roulette
P100153,U33484187,2.39,2022-07-06,2025-06-06,360,6,60,270.09,162.41,1233.08,486.74,468.25,20,0,0,0,20,662.0,701.63,117.58,285.68,1766.89,455,High Risk,50k-100k,Yes,No,26121,Bronze,Blackjack
P100154,U71777469,34.11,2024-03-10,2025-08-24,281,0,0,45.32,0.0,380.74,254.62,232.12,300,360,315,600,1575,1893.9,1285.06,191.71,404.07,3774.74,807,Low Risk,100k-150k,Yes,Yes,,Bronze,Poker
P100155,U46093880,35.01,2022-10-04,2025-11-18,195,4,44,29.9,1935.71,85.96,215.64,163.63,60,30,360,400,850,2202.84,902.13,312.29,462.63,3879.89,712,Medium Risk,50k-100k,No,No,86411,Silver,Slots
P100156,U60441204,45.65,2022-09-04,2025-11-18,195,2,16,56.44,599.79,595.2,104.22,110.98,80,300,270,400,1050,888.65,1695.2,188.91,339.34,3112.1,827,Low Risk,<50k,Yes,Yes,76275,Bronze,Baccarat
P100157,U91752859,58.27,2022-07-14,2026-02-28,93,2,22,46.32,1599.14,788.15,805.39,370.79,360,420,270,400,1450,2683.21,2084.12,387.17,458.5,5613.0,654,Medium Risk,100k-150k,Yes,Yes,77081,Bronze,Blackjack
P100158,U54066131,167.56,2023-12-02,2026-04-01,61,3,30,8.93,4632.14,190.46,151.76,58.79,900,1020,1035,1600,4555,4523.67,4185.24,594.77,1406.9,10710.58,486,High Risk,50k-100k,Yes,No,39140,Silver,Roulette
P100159,U85415325,32.68,2025-04-13,2026-04-11,51,1,10,81.92,449.3,973.08,27.34,26.88,40,450,270,200,960,2101.48,1325.46,216.96,626.99,4270.89,330,High Risk,100k-150k,Yes,Yes,19327,Bronze,Blackjack
P100160,U45563453,17.55,2020-10-24,2025-04-24,403,1,11,19.47,197.06,1182.99,287.97,187.56,20,0,0,0,20,1094.59,661.4,137.55,187.3,2080.84,559,High Risk,100k-150k,Yes,Yes,80663,Gold,Roulette
P100161,U44755914,71.35,2024-02-15,2026-05-27,5,5,60,77.32,4264.56,162.11,36.26,35.45,200,420,495,600,1715,2927.39,1273.63,349.7,906.24,5456.96,720,Low Risk,50k-100k,No,Yes,33331,Bronze,Blackjack
P100162,U60873983,14.21,2023-11-14,2025-02-20,466,0,0,84.03,0.0,2052.85,127.04,128.88,0,0,135,200,335,601.66,1174.15,132.42,345.62,2253.85,828,Low Risk,50k-100k,Yes,Yes,33004,Silver,Roulette
P100163,U63892568,26.01,2024-04-25,2024-12-14,534,2,26,13.19,665.01,75.83,212.42,74.34,200,60,225,400,885,1083.83,496.59,104.96,414.15,2099.53,603,Medium Risk,<50k,Yes,Yes,20492,Silver,Poker
P100164,U33637222,3.68,2023-02-05,2025-04-22,405,3,30,5.06,146.39,112.83,621.97,626.18,20,0,0,200,220,491.37,790.36,100.35,260.05,1642.13,338,High Risk,<50k,Yes,Yes,64797,Silver,Slots
P100165,U12484413,1.16,2022-12-02,2025-01-04,513,2,18,121.41,29.19,101.81,204.1,134.43,0,120,90,200,410,1206.76,739.99,62.13,139.72,2148.6,788,Low Risk,50k-100k,No,No,68095,Bronze,Poker
P100166,U80016224,147.93,2023-04-25,2025-10-11,233,2,26,49.27,3926.89,1122.11,363.46,257.46,680,1290,765,1200,3935,4807.83,3073.92,809.55,646.03,9337.33,841,Low Risk,50k-100k,Yes,Yes,23749,Silver,Slots
P100167,U49449976,81.35,2024-07-30,2024-12-24,524,1,12,4.79,1043.72,531.08,1480.8,1186.53,240,450,405,600,1695,3199.65,2643.8,520.12,781.31,7144.88,577,High Risk,50k-100k,Yes,Yes,73217,Gold,Poker
P100168,U99583549,53.58,2023-06-05,2025-06-20,346,1,11,421.75,726.85,82.5,42.29,44.03,200,450,495,600,1745,2631.01,1114.11,245.68,461.6,4452.4,502,High Risk,<50k,Yes,Yes,99044,Bronze,Poker
P100169,U12235000,23.66,2022-06-06,2026-04-16,46,3,36,4.76,1134.3,290.2,96.36,30.38,160,270,225,200,855,732.67,788.86,230.73,532.41,2284.67,365,High Risk,<50k,Yes,Yes,19045,Bronze,Blackjack
P100170,U33685747,8.56,2022-06-29,2026-03-15,78,1,11,95.0,108.83,477.64,150.55,102.6,180,210,0,0,390,850.86,417.17,121.89,261.31,1651.23,407,High Risk,50k-100k,Yes,No,30116,Silver,Baccarat
P100171,U47876684,7.66,2021-09-13,2026-03-20,73,2,26,329.22,206.11,43.58,164.37,139.74,140,30,0,200,370,538.72,667.08,165.72,182.06,1553.58,567,High Risk,<50k,Yes,yes,28667,Silver,Roulette
P100172,U82931048,12.96,2022-08-24,2025-09-25,249,0,0,21.87,0.0,1070.3,158.81,139.46,0,0,0,200,200,743.27,596.87,204.76,381.07,1925.97,521,High Risk,100k-150k,No,No,85057,Bronze,Roulette
P100173,U39859174,35.86,2021-05-02,2026-04-15,47,1,12,12.28,523.86,813.81,714.52,610.22,300,180,135,400,1015,1085.06,941.01,322.84,354.07,2702.98,829,Low Risk,<50k,Yes,Yes,84205,Gold,Roulette
P100174,U46102853,56.42,2022-08-30,2026-01-31,121,7,77,10.35,3483.86,351.81,375.56,153.06,360,510,270,200,1340,1826.27,1886.24,254.47,579.75,4546.73,389,High Risk,50k-100k,No,no,37302,Bronze,Slots
P100175,U56159303,48.57,2025-06-17,2025-10-30,214,6,60,28.91,3414.72,1707.55,280.88,151.54,320,480,135,600,1535,1331.9,1865.75,333.59,622.75,4153.99,554,High Risk,150k-250k,Yes,No,21283,Bronze,Roulette
P100176,U22195226,14.78,2022-01-17,2025-10-05,239,1,9,8.52,134.79,270.44,111.05,65.18,60,0,90,200,350,649.55,555.87,124.17,454.03,1783.62,754,Low Risk,<50k,Yes,No,40935,Silver,Roulette
P100177,U57936136,139.41,2023-05-03,2026-04-06,56,1,11,94.25,1957.55,2071.04,520.82,491.42,640,960,945,1600,4145,2327.02,2281.32,779.34,1351.46,6739.14,552,High Risk,50k-100k,Yes,No,82534,Silver,Blackjack
P100178,U79062973,60.26,2023-10-01,2025-06-16,350,4,52,5.15,2681.65,551.19,930.73,486.78,240,630,405,800,2075,1267.75,2098.59,154.47,691.21,4212.02,556,High Risk,<50k,,No,41624,Gold,Poker
P100179,U24421668,,2024-03-10,2026-02-14,107,5,45,56.97,1886.93,503.48,516.44,241.99,40,390,315,600,1345,2205.95,630.99,247.88,529.96,3614.78,682,Medium Risk,50k-100k,No,Yes,23440,Platinum,Roulette
P100180,U31200096,42.57,2022-08-04,2026-04-14,48,5,45,457.03,2085.35,90.73,0.47,0.5,120,510,90,400,1120,2036.5,718.46,281.27,701.49,3737.72,741,Low Risk,50k-100k,Yes,Yes,56501,Bronze,Baccarat
P100181,U93375337,24.48,2021-09-15,2025-06-29,337,0,0,134.55,0.0,1068.23,303.51,93.21,40,300,315,0,655,1861.17,630.33,225.97,302.74,3020.21,389,High Risk,50k-100k,Yes,No,97333,Bronze,Roulette
P100182,U33234510,12.81,2025-11-05,2026-05-06,26,5,60,76.41,644.79,278.86,15.75,17.3,60,30,225,200,515,979.96,856.56,97.04,156.77,2090.33,689,Medium Risk,50k-100k,Yes,Yes,11269,Bronze,Slots
P100183,U61715898,19.8,2022-09-02,2025-09-17,257,3,33,29.25,750.1,88.51,89.36,75.19,160,180,225,200,765,916.69,574.55,254.13,272.74,2018.11,343,High Risk,150k-250k,No,Yes,17868,Silver,Slots
P100184,U55968757,63.82,2021-12-19,2026-05-24,8,7,63,78.23,4571.05,6.34,18.41,17.72,300,540,540,800,2180,2632.04,2232.18,207.15,436.62,5507.99,318,High Risk,<50k,Yes,No,40251,Gold,Slots
P100185,U10061087,0.65,2024-12-30,2025-09-21,253,3,24,59.9,17.73,410.21,277.75,148.79,0,0,180,0,180,667.7,573.78,136.1,281.67,1659.25,400,High Risk,<50k,No,Yes,87909,Bronze,Roulette
P100186,U90705119,5.55,2021-05-07,2025-08-02,303,3,39,44.42,251.53,374.75,348.07,108.41,160,60,45,0,265,721.59,678.04,97.85,307.01,1804.49,656,Medium Risk,150k-250k,Yes,No,94523,Bronze,Blackjack
P100187,U76653416,2.12,2021-10-06,2026-04-06,56,3,30,11.21,76.69,635.33,36.48,32.48,140,120,0,200,460,612.72,468.42,101.28,274.4,1456.82,841,Low Risk,50k-100k,Yes,No,48729,Bronze,Baccarat
P100188,U95382256,1.87,2022-02-14,2024-12-22,526,4,44,174.15,105.56,1104.81,145.27,140.52,100,0,45,200,345,523.67,605.63,130.54,128.8,1388.64,332,High Risk,150k-250k,Yes,No,25734,Gold,Roulette
P100189,U20274621,87.04,2020-11-03,2025-02-12,474,4,36,47.8,3014.03,41.37,182.77,163.1,560,750,630,1000,2940,1872.6,2157.21,340.57,912.54,5282.92,528,High Risk,50k-100k,Yes,No,52429,Bronze,Blackjack
P100190,U23022704,54.73,2022-03-09,2026-05-04,28,3,36,17.32,2551.57,657.45,138.16,57.24,280,420,450,600,1750,1583.94,1737.76,183.4,457.52,3962.62,823,Low Risk,100k-150k,Yes,Yes,51337,Bronze,Blackjack
P100191,U26816569,28.93,2024-07-22,2026-03-15,78,3,24,36.68,763.03,103.77,38.7,34.94,280,420,180,400,1280,1589.49,1273.23,136.26,473.22,3472.2,454,High Risk,50k-100k,Yes,Yes,50325,Silver,Roulette
P100192,U17654909,4.63,2021-04-28,2025-10-28,216,3,27,42.77,105.79,976.59,162.87,149.05,0,0,0,200,200,497.83,715.39,121.87,280.5,1615.59,722,Low Risk,100k-150k,No,yes,93600,Gold,Roulette
P100193,U47814054,30.44,2024-07-11,2025-05-11,386,2,24,140.61,610.11,854.8,417.31,345.05,100,120,135,600,955,982.68,1456.74,260.84,349.67,3049.93,545,High Risk,150k-250k,No,Yes,72514,Silver,Blackjack
P100194,U94302960,28.87,2022-03-24,2025-06-01,365,4,36,105.82,1039.88,389.13,22.1,20.17,60,240,360,400,1060,1770.8,1336.6,283.67,257.53,3648.6,704,Medium Risk,50k-100k,No,No,18433,Silver,Blackjack
P100195,U25421040,8.56,2025-05-01,2024-12-22,526,1,11,117.33,119.67,619.36,25.07,24.49,0,0,90,200,290,621.54,905.8,84.18,171.33,1782.85,840,Low Risk,<50k,Yes,No,19111,Bronze,Blackjack
P100196,U34210512,25.6,2022-04-19,2025-07-24,312,0,0,0.89,0.0,188.69,131.45,103.96,20,270,180,0,470,1086.72,537.4,172.77,515.16,2312.05,460,High Risk,<50k,Yes,Yes,73753,Silver,Roulette
P100197,U82073914,22.88,2022-10-05,2026-05-25,7,7,77,43.05,2243.02,318.54,852.78,316.28,140,270,45,200,655,1688.29,470.31,111.39,526.43,2796.42,416,High Risk,<50k,Yes,Yes,90583,Silver,Blackjack
P100198,U77922032,43.05,2020-12-02,2026-05-29,3,1,13,52.52,621.41,861.97,331.3,228.63,300,120,225,600,1245,1065.2,869.07,126.03,561.02,2621.32,570,High Risk,<50k,No,No,83620,Platinum,Slots
P100199,U43779713,45.37,2022-12-06,2025-06-03,363,1,13,1.55,627.63,307.41,340.59,123.33,240,330,450,200,1220,973.88,1458.38,291.22,302.54,3026.02,786,Low Risk,<50k,No,Yes,31751,Bronze,Roulette
